user,time,error,qType,bias,ans,correct,confidence,age,sex,degree,monitor,computer,expert,expertProgressive,biasNum
jt4pywud,17553,0.07,0,notClustered,65000,70000,3,25-39,Male,Bachelors,23 or larger,gt60,intermediate,intermediate,0
jt4pywud,8620,0,1,notClustered,Yes,yes,4,25-39,Male,Bachelors,23 or larger,gt60,intermediate,intermediate,0
jt4pywud,8531,0,2,notClustered,C,C,4,25-39,Male,Bachelors,23 or larger,gt60,intermediate,intermediate,0
jt4pyy0d,9139,0,0,notClustered,70000,70000,2,25-39,Female,Other,17,gt60,low-intermediate,low-intermediate,0
jt4pyy0d,11143,0,1,notClustered,yes,yes,3,25-39,Female,Other,17,gt60,low-intermediate,low-intermediate,0
jt4pyy0d,8150,0,2,notClustered,c,C,3,25-39,Female,Other,17,gt60,low-intermediate,low-intermediate,0
jt4pz69e,7493,0,0,notClustered,70000,70000,3,25-39,Male,Bachelors,19,31-40,intermediate,intermediate,0
jt4pz69e,4739,1,1,notClustered,B,yes,4,25-39,Male,Bachelors,19,31-40,intermediate,intermediate,0
jt4pz69e,5668,0,2,notClustered,C,C,4,25-39,Male,Bachelors,19,31-40,intermediate,intermediate,0
jt4pzmtw,13844,0.04,0,notClustered,67000,70000,4,25-39,Male,Masters,23 or larger,gt60,high-intermediate,intermediate,0
jt4pzmtw,6608,0,1,notClustered,yes,yes,4,25-39,Male,Masters,23 or larger,gt60,high-intermediate,intermediate,0
jt4pzmtw,4757,0,2,notClustered,C,C,4,25-39,Male,Masters,23 or larger,gt60,high-intermediate,intermediate,0
jt4q0gzo,17429,0,0,notClustered,70000,70000,2,18-24,Male,High School,23 or larger,41-50,novice,novice,0
jt4q0gzo,6830,0,1,notClustered,yes,yes,3,18-24,Male,High School,23 or larger,41-50,novice,novice,0
jt4q0gzo,9605,0,2,notClustered,C,C,3,18-24,Male,High School,23 or larger,41-50,novice,novice,0
jt4q0ho8,20195,0,0,notClustered,70000,70000,2,60,Male,Other,13,51-60,novice,novice,0
jt4q0ho8,9977,0,1,notClustered,YES,yes,4,60,Male,Other,13,51-60,novice,novice,0
jt4q0ho8,9970,0,2,notClustered,C,C,4,60,Male,Other,13,51-60,novice,novice,0
jt4q1xkk,23807,0,0,notClustered,70000,70000,4,25-39,Male,Bachelors,23 or larger,31-40,expert,high-intermediate,0
jt4q1xkk,6960,0,1,notClustered,yes,yes,4,25-39,Male,Bachelors,23 or larger,31-40,expert,high-intermediate,0
jt4q1xkk,3712,0,2,notClustered,C,C,4,25-39,Male,Bachelors,23 or larger,31-40,expert,high-intermediate,0
jt4q8tns,11862,0.29,0,notClustered,90000,70000,2,25-39,Male,Bachelors,13,43626,expert,intermediate,0
jt4q8tns,15086,0,1,notClustered,YES,yes,3,25-39,Male,Bachelors,13,43626,expert,intermediate,0
jt4q8tns,10313,0,2,notClustered,C,C,3,25-39,Male,Bachelors,13,43626,expert,intermediate,0
jt4q8wor,9632,0,0,notClustered,70000,70000,3,25-39,Female,Bachelors,19,31-40,intermediate,novice,0
jt4q8wor,7296,0,1,notClustered,yes,yes,4,25-39,Female,Bachelors,19,31-40,intermediate,novice,0
jt4q8wor,8336,0,2,notClustered,C,C,4,25-39,Female,Bachelors,19,31-40,intermediate,novice,0
jt4qhvse,18232,0,0,notClustered,70000,70000,3,40-49,Male,High School,23 or larger,gt60,low-intermediate,low-intermediate,0
jt4qhvse,7360,0,1,notClustered,yes,yes,4,40-49,Male,High School,23 or larger,gt60,low-intermediate,low-intermediate,0
jt4qhvse,6656,0,2,notClustered,C,C,4,40-49,Male,High School,23 or larger,gt60,low-intermediate,low-intermediate,0
jt4qk6n1,6911,0,0,notClustered,70000,70000,2,25-39,Male,Bachelors,19,41-50,low-intermediate,novice,0
jt4qk6n1,5224,0,1,notClustered,yes,yes,4,25-39,Male,Bachelors,19,41-50,low-intermediate,novice,0
jt4qk6n1,9960,0,2,notClustered,C,C,3,25-39,Male,Bachelors,19,41-50,low-intermediate,novice,0
jt4qqvze,7672,0,0,notClustered,70000,70000,2,25-39,Male,Bachelors,dontknow,41-50,low-intermediate,low-intermediate,0
jt4qqvze,5511,0,1,notClustered,yes,yes,3,25-39,Male,Bachelors,dontknow,41-50,low-intermediate,low-intermediate,0
jt4qqvze,4024,0,2,notClustered,C,C,4,25-39,Male,Bachelors,dontknow,41-50,low-intermediate,low-intermediate,0
jt4r0f5e,8762,0.14,0,notClustered,80000,70000,4,25-39,Male,Bachelors,13,21-30,intermediate,intermediate,0
jt4r0f5e,3785,0,1,notClustered,yes,yes,4,25-39,Male,Bachelors,13,21-30,intermediate,intermediate,0
jt4r0f5e,3670,0,2,notClustered,C,C,4,25-39,Male,Bachelors,13,21-30,intermediate,intermediate,0
jt4r292g,10828,0,0,notClustered,70000,70000,3,25-39,Female,Bachelors,17,43789,novice,novice,0
jt4r292g,7130,1,1,notClustered,no,yes,3,25-39,Female,Bachelors,17,43789,novice,novice,0
jt4r292g,5420,0,2,notClustered,c,C,3,25-39,Female,Bachelors,17,43789,novice,novice,0
jt4r2r2n,25794,0.06,0,notClustered,66000,70000,2,25-39,Male,High School,21,31-40,intermediate,low-intermediate,0
jt4r2r2n,24368,0,1,notClustered,Yes,yes,4,25-39,Male,High School,21,31-40,intermediate,low-intermediate,0
jt4r2r2n,5479,0,2,notClustered,C,C,4,25-39,Male,High School,21,31-40,intermediate,low-intermediate,0
jt4r3rdg,7356,0.07,0,notClustered,65000,70000,3,18-24,Female,Bachelors,15,gt60,low-intermediate,novice,0
jt4r3rdg,6487,0,1,notClustered,Yes,yes,3,18-24,Female,Bachelors,15,gt60,low-intermediate,novice,0
jt4r3rdg,3937,0,2,notClustered,c,C,4,18-24,Female,Bachelors,15,gt60,low-intermediate,novice,0
jt4r4nuu,27566,0.01,0,notClustered,69500,70000,3,25-39,Male,Masters,21,43789,intermediate,intermediate,0
jt4r4nuu,18185,0,1,notClustered,yes,yes,3,25-39,Male,Masters,21,43789,intermediate,intermediate,0
jt4r4nuu,18715,0,2,notClustered,c,C,3,25-39,Male,Masters,21,43789,intermediate,intermediate,0
jt4r78fp,6366,0.1,0,notClustered,63000,70000,4,25-39,Male,Bachelors,17,gt60,high-intermediate,high-intermediate,0
jt4r78fp,4634,0,1,notClustered,yes,yes,4,25-39,Male,Bachelors,17,gt60,high-intermediate,high-intermediate,0
jt4r78fp,2530,0,2,notClustered,c,C,4,25-39,Male,Bachelors,17,gt60,high-intermediate,high-intermediate,0
jt4r99gc,23420,0,0,notClustered,70000,70000,3,25-39,Male,Bachelors,23 or larger,51-60,intermediate,low-intermediate,0
jt4r99gc,8461,0,1,notClustered,yes,yes,4,25-39,Male,Bachelors,23 or larger,51-60,intermediate,low-intermediate,0
jt4r99gc,9421,0,2,notClustered,c,C,4,25-39,Male,Bachelors,23 or larger,51-60,intermediate,low-intermediate,0
jt4rf6rb,15944,0.04,0,notClustered,67000,70000,4,40-49,Female,Bachelors,21,21-30,novice,novice,0
jt4rf6rb,4149,0,1,notClustered,yes,yes,4,40-49,Female,Bachelors,21,21-30,novice,novice,0
jt4rf6rb,4050,0,2,notClustered,C,C,4,40-49,Female,Bachelors,21,21-30,novice,novice,0
jt4rkol9,11157,0,0,notClustered,70000,70000,4,25-39,Male,Bachelors,23 or larger,gt60,low-intermediate,novice,0
jt4rkol9,6750,0,1,notClustered,Yes,yes,4,25-39,Male,Bachelors,23 or larger,gt60,low-intermediate,novice,0
jt4rkol9,7250,0,2,notClustered,C,C,4,25-39,Male,Bachelors,23 or larger,gt60,low-intermediate,novice,0
jt4rp1f2,13846,0.04,0,notClustered,73100,70000,3,25-39,Male,Bachelors,21,41-50,intermediate,intermediate,0
jt4rp1f2,10485,0,1,notClustered,Yes,yes,4,25-39,Male,Bachelors,21,41-50,intermediate,intermediate,0
jt4rp1f2,5660,0,2,notClustered,C,C,3,25-39,Male,Bachelors,21,41-50,intermediate,intermediate,0
jt4rsq4e,16099,0.04,0,notClustered,67000,70000,3,25-39,Male,Bachelors,17,gt60,low-intermediate,low-intermediate,0
jt4rsq4e,11234,1,1,notClustered,No,yes,4,25-39,Male,Bachelors,17,gt60,low-intermediate,low-intermediate,0
jt4rsq4e,4850,0,2,notClustered,C,C,4,25-39,Male,Bachelors,17,gt60,low-intermediate,low-intermediate,0
jt4sc8yq,12431,0.02,0,notClustered,68500,70000,4,25-39,Male,High School,21,43789,intermediate,high-intermediate,0
jt4sc8yq,5855,0,1,notClustered,Yes,yes,4,25-39,Male,High School,21,43789,intermediate,high-intermediate,0
jt4sc8yq,18522,0,2,notClustered,C,C,4,25-39,Male,High School,21,43789,intermediate,high-intermediate,0
jt4t7wmw,17143,0,0,notClustered,70000,70000,3,25-39,Male,Bachelors,17,31-40,low-intermediate,novice,0
jt4t7wmw,5225,0,1,notClustered,Yes,yes,4,25-39,Male,Bachelors,17,31-40,low-intermediate,novice,0
jt4t7wmw,4133,0,2,notClustered,C,C,4,25-39,Male,Bachelors,17,31-40,low-intermediate,novice,0
jt4tjdez,8040,0.07,0,notClustered,65000,70000,4,25-39,Female,Bachelors,15,41-50,intermediate,high-intermediate,0
jt4tjdez,9769,0,1,notClustered,yes,yes,4,25-39,Female,Bachelors,15,41-50,intermediate,high-intermediate,0
jt4tjdez,4471,0,2,notClustered,C,C,4,25-39,Female,Bachelors,15,41-50,intermediate,high-intermediate,0
jt4tz30n,14689,0.04,0,notClustered,73000,70000,3,25-39,Male,Bachelors,21,43626,intermediate,intermediate,0
jt4tz30n,3541,0,1,notClustered,yes,yes,3,25-39,Male,Bachelors,21,43626,intermediate,intermediate,0
jt4tz30n,3152,0,2,notClustered,C,C,4,25-39,Male,Bachelors,21,43626,intermediate,intermediate,0
jt4uf8l1,13628,0.06,0,notClustered,66000,70000,4,25-39,Male,High School,19,gt60,low-intermediate,low-intermediate,0
jt4uf8l1,11796,0,1,notClustered,Yes,yes,4,25-39,Male,High School,19,gt60,low-intermediate,low-intermediate,0
jt4uf8l1,21890,0,2,notClustered,C,C,4,25-39,Male,High School,19,gt60,low-intermediate,low-intermediate,0
jt4uqu86,17194,0,0,notClustered,70000,70000,2,60,Male,Masters,13,21-30,novice,novice,0
jt4uqu86,8848,0,1,notClustered,yes,yes,3,60,Male,Masters,13,21-30,novice,novice,0
jt4uqu86,6937,0,2,notClustered,C,C,4,60,Male,Masters,13,21-30,novice,novice,0
jt4wedwa,6072,0.14,0,notClustered,80000,70000,3,25-39,Male,High School,15,21-30,novice,novice,0
jt4wedwa,4816,0,1,notClustered,Yes,yes,4,25-39,Male,High School,15,21-30,novice,novice,0
jt4wedwa,1040,0,2,notClustered,C,C,4,25-39,Male,High School,15,21-30,novice,novice,0
jt4pzvxq,8542,0.14,0,notClustered,60000,70000,3,25-39,Male,High School,23 or larger,21-30,low-intermediate,novice,0
jt4pzvxq,3561,0,1,notClustered,Yes,yes,4,25-39,Male,High School,23 or larger,21-30,low-intermediate,novice,0
jt4pzvxq,1807,0,2,notClustered,C,C,4,25-39,Male,High School,23 or larger,21-30,low-intermediate,novice,0
jt4q47nl,768,0.46,0,notClustered,38000,70000,3,25-39,Male,High School,17,21-30,intermediate,intermediate,0
jt4q47nl,840,1,1,notClustered,no,yes,1,25-39,Male,High School,17,21-30,intermediate,intermediate,0
jt4q47nl,704,1,2,notClustered,B,C,2,25-39,Male,High School,17,21-30,intermediate,intermediate,0
jt4qbjm8,14013,0.02,0,notClustered,68500,70000,2,18-24,Male,Bachelors,19,41-50,low-intermediate,low-intermediate,0
jt4qbjm8,7121,0,1,notClustered,yes,yes,4,18-24,Male,Bachelors,19,41-50,low-intermediate,low-intermediate,0
jt4qbjm8,3973,0,2,notClustered,c,C,4,18-24,Male,Bachelors,19,41-50,low-intermediate,low-intermediate,0
jt4qpsdw,4390,0.14,0,notClustered,80000,70000,2,25-39,Male,Bachelors,23 or larger,21-30,intermediate,low-intermediate,0
jt4qpsdw,6764,0,1,notClustered,YES,yes,2,25-39,Male,Bachelors,23 or larger,21-30,intermediate,low-intermediate,0
jt4qpsdw,7350,0,2,notClustered,C,C,2,25-39,Male,Bachelors,23 or larger,21-30,intermediate,low-intermediate,0
jt4r2cxk,20833,0,0,notClustered,70000,70000,2,25-39,Female,Bachelors,21,21-30,low-intermediate,low-intermediate,0
jt4r2cxk,16343,0,1,notClustered,YES,yes,4,25-39,Female,Bachelors,21,21-30,low-intermediate,low-intermediate,0
jt4r2cxk,5735,0,2,notClustered,C,C,4,25-39,Female,Bachelors,21,21-30,low-intermediate,low-intermediate,0
jt4ru7zi,8102,0.07,0,notClustered,65000,70000,3,18-24,Male,High School,15,41-50,intermediate,intermediate,0
jt4ru7zi,1999,0,1,notClustered,yes,yes,4,18-24,Male,High School,15,41-50,intermediate,intermediate,0
jt4ru7zi,2677,0,2,notClustered,C,C,4,18-24,Male,High School,15,41-50,intermediate,intermediate,0
jt4set3g,10521,0.36,0,notClustered,95000,70000,3,50-59,Male,High School,23 or larger,41-50,low-intermediate,low-intermediate,0
jt4set3g,7652,0,1,notClustered,yes,yes,4,50-59,Male,High School,23 or larger,41-50,low-intermediate,low-intermediate,0
jt4set3g,4568,0,2,notClustered,C,C,4,50-59,Male,High School,23 or larger,41-50,low-intermediate,low-intermediate,0
jt4szkkl,16281,0.29,0,notClustered,90000,70000,3,40-49,Female,Other,17,41-50,low-intermediate,intermediate,0
jt4szkkl,4359,0,1,notClustered,YES,yes,4,40-49,Female,Other,17,41-50,low-intermediate,intermediate,0
jt4szkkl,5587,0,2,notClustered,C,C,4,40-49,Female,Other,17,41-50,low-intermediate,intermediate,0
jt4vn6yj,17142,0,0,notClustered,70000,70000,3,25-39,Female,High School,15,21-30,low-intermediate,low-intermediate,0
jt4vn6yj,7343,0,1,notClustered,yes,yes,3,25-39,Female,High School,15,21-30,low-intermediate,low-intermediate,0
jt4vn6yj,14160,0,2,notClustered,c,C,3,25-39,Female,High School,15,21-30,low-intermediate,low-intermediate,0
jt4y4im3,1133,0,0,notClustered,70000,70000,3,18-24,Male,Bachelors,17,43789,intermediate,intermediate,0
jt4y4im3,21170,0,1,notClustered,Yes,yes,4,18-24,Male,Bachelors,17,43789,intermediate,intermediate,0
jt4y4im3,17777,0,2,notClustered,C,C,4,18-24,Male,Bachelors,17,43789,intermediate,intermediate,0
jtuymjb3,11536,0,0,clustered_0_5,60000,60000,3,18-24,Unspecified,High School,23 or larger,41-50,intermediate,novice,1
jtuymjb3,12552,0,1,clustered_0_5,No,no,4,18-24,Unspecified,High School,23 or larger,41-50,intermediate,novice,1
jtuymjb3,16376,0,2,clustered_0_5,E,E,4,18-24,Unspecified,High School,23 or larger,41-50,intermediate,novice,1
jtuympet,12439,0.02,0,clustered_0_5,58900,60000,4,25-39,Female,Bachelors,15,lt5,intermediate,intermediate,1
jtuympet,8909,0,1,clustered_0_5,No,no,4,25-39,Female,Bachelors,15,lt5,intermediate,intermediate,1
jtuympet,5045,0,2,clustered_0_5,E,E,4,25-39,Female,Bachelors,15,lt5,intermediate,intermediate,1
jtuymvdh,34509,0.05,0,clustered_0_5,62900,60000,2,18-24,Male,Bachelors,15,21-30,intermediate,intermediate,1
jtuymvdh,25974,0,1,clustered_0_5,No,no,3,18-24,Male,Bachelors,15,21-30,intermediate,intermediate,1
jtuymvdh,17406,0,2,clustered_0_5,E,E,3,18-24,Male,Bachelors,15,21-30,intermediate,intermediate,1
jtuyntzp,6288,0.5,0,clustered_0_5,30000,60000,4,25-39,Male,Bachelors,15,gt60,expert,high-intermediate,1
jtuyntzp,4625,1,1,clustered_0_5,YES,no,4,25-39,Male,Bachelors,15,gt60,expert,high-intermediate,1
jtuyntzp,6434,1,2,clustered_0_5,A,E,4,25-39,Male,Bachelors,15,gt60,expert,high-intermediate,1
jtuyocuh,3816,0.48,0,clustered_0_5,31450,60000,4,25-39,Male,Bachelors,13,31-40,intermediate,intermediate,1
jtuyocuh,1096,1,1,clustered_0_5,Yes,no,4,25-39,Male,Bachelors,13,31-40,intermediate,intermediate,1
jtuyocuh,3033,1,2,clustered_0_5,A,E,4,25-39,Male,Bachelors,13,31-40,intermediate,intermediate,1
jtuypse1,15494,0.07,0,clustered_0_5,64000,60000,2,40-49,Male,High School,23 or larger,51-60,low-intermediate,novice,1
jtuypse1,3865,1,1,clustered_0_5,yes,no,4,40-49,Male,High School,23 or larger,51-60,low-intermediate,novice,1
jtuypse1,2740,1,2,clustered_0_5,a,E,4,40-49,Male,High School,23 or larger,51-60,low-intermediate,novice,1
jtuyrumo,4227,0.49,0,clustered_0_5,30400,60000,3,18-24,Female,Bachelors,13,21-30,high-intermediate,low-intermediate,1
jtuyrumo,1933,1,1,clustered_0_5,Yes,no,4,18-24,Female,Bachelors,13,21-30,high-intermediate,low-intermediate,1
jtuyrumo,1542,1,2,clustered_0_5,A,E,4,18-24,Female,Bachelors,13,21-30,high-intermediate,low-intermediate,1
jtuysxyt,111096,0,0,clustered_0_5,60000,60000,3,25-39,Male,Bachelors,23 or larger,43789,intermediate,high-intermediate,1
jtuysxyt,174994,1,1,clustered_0_5,yes,no,3,25-39,Male,Bachelors,23 or larger,43789,intermediate,high-intermediate,1
jtuysxyt,25744,0,2,clustered_0_5,E,E,3,25-39,Male,Bachelors,23 or larger,43789,intermediate,high-intermediate,1
jtuytmiq,123880,0.02,0,clustered_0_5,61100,60000,3,25-39,Female,Unspecified,17,31-40,novice,novice,1
jtuytmiq,26112,0,1,clustered_0_5,no,no,3,25-39,Female,Unspecified,17,31-40,novice,novice,1
jtuytmiq,33496,0,2,clustered_0_5,E,E,3,25-39,Female,Unspecified,17,31-40,novice,novice,1
jtuytsg5,22879,0,0,clustered_0_5,60000,60000,2,25-39,Female,Bachelors,11,41-50,low-intermediate,novice,1
jtuytsg5,24021,0,1,clustered_0_5,NO,no,2,25-39,Female,Bachelors,11,41-50,low-intermediate,novice,1
jtuytsg5,29398,0,2,clustered_0_5,E,E,3,25-39,Female,Bachelors,11,41-50,low-intermediate,novice,1
jtuyx4j0,848,1,0,clustered_0_5,0,60000,3,25-39,Male,Masters,11,43626,intermediate,novice,1
jtuyx4j0,26132,0,1,clustered_0_5,no,no,4,25-39,Male,Masters,11,43626,intermediate,novice,1
jtuyx4j0,748,1,2,clustered_0_5,none,E,3,25-39,Male,Masters,11,43626,intermediate,novice,1
jtuz1jgz,51248,0.42,0,clustered_0_5,85000,60000,2,40-49,Female,Bachelors,21,31-40,high-intermediate,expert,1
jtuz1jgz,27217,0,1,clustered_0_5,NO,no,2,40-49,Female,Bachelors,21,31-40,high-intermediate,expert,1
jtuz1jgz,17088,0,2,clustered_0_5,E,E,4,40-49,Female,Bachelors,21,31-40,high-intermediate,expert,1
jtuz39jj,78814,0.05,0,clustered_0_5,63000,60000,3,25-39,Female,Other,17,21-30,novice,novice,1
jtuz39jj,51426,0,1,clustered_0_5,no,no,4,25-39,Female,Other,17,21-30,novice,novice,1
jtuz39jj,47758,0,2,clustered_0_5,E,E,4,25-39,Female,Other,17,21-30,novice,novice,1
jtuz3l53,1264,0.33,0,clustered_0_5,40000,60000,4,25-39,Male,Bachelors,17,51-60,intermediate,expert,1
jtuz3l53,3572,1,1,clustered_0_5,yes,no,4,25-39,Male,Bachelors,17,51-60,intermediate,expert,1
jtuz3l53,872,1,2,clustered_0_5,b,E,2,25-39,Male,Bachelors,17,51-60,intermediate,expert,1
jtuz5m74,15734,0.06,0,clustered_0_5,63700,60000,3,25-39,Male,Bachelors,15,41-50,low-intermediate,novice,1
jtuz5m74,8101,1,1,clustered_0_5,yes,no,3,25-39,Male,Bachelors,15,41-50,low-intermediate,novice,1
jtuz5m74,13180,0,2,clustered_0_5,e,E,3,25-39,Male,Bachelors,15,41-50,low-intermediate,novice,1
jtuz8w90,5186,0.5,0,clustered_0_5,30000,60000,3,50-59,Male,Bachelors,dontknow,21-30,novice,novice,1
jtuz8w90,15568,0,1,clustered_0_5,no,no,2,50-59,Male,Bachelors,dontknow,21-30,novice,novice,1
jtuz8w90,4940,1,2,clustered_0_5,a,E,3,50-59,Male,Bachelors,dontknow,21-30,novice,novice,1
jtuz9s4u,63842,0.07,0,clustered_0_5,64500,60000,3,50-59,Female,Bachelors,15,gt60,novice,novice,1
jtuz9s4u,27744,0,1,clustered_0_5,NO,no,3,50-59,Female,Bachelors,15,gt60,novice,novice,1
jtuz9s4u,39311,0,2,clustered_0_5,E,E,3,50-59,Female,Bachelors,15,gt60,novice,novice,1
jtuz9zj1,6028,0.67,0,clustered_0_5,20000,60000,4,25-39,Female,Bachelors,15,41-50,intermediate,high-intermediate,1
jtuz9zj1,3330,1,1,clustered_0_5,YES,no,4,25-39,Female,Bachelors,15,41-50,intermediate,high-intermediate,1
jtuz9zj1,8944,0,2,clustered_0_5,E,E,4,25-39,Female,Bachelors,15,41-50,intermediate,high-intermediate,1
jtuze9fo,712,0.17,0,clustered_0_5,50000,60000,4,25-39,Male,Bachelors,17,41-50,high-intermediate,intermediate,1
jtuze9fo,5944,1,1,clustered_0_5,D,no,3,25-39,Male,Bachelors,17,41-50,high-intermediate,intermediate,1
jtuze9fo,1735,1,2,clustered_0_5,A,E,3,25-39,Male,Bachelors,17,41-50,high-intermediate,intermediate,1
jtuzjum4,1440,0.75,0,clustered_0_5,15000,60000,4,25-39,Female,Bachelors,15,31-40,intermediate,intermediate,1
jtuzjum4,1557,1,1,clustered_0_5,YES,no,4,25-39,Female,Bachelors,15,31-40,intermediate,intermediate,1
jtuzjum4,1142,1,2,clustered_0_5,A,E,4,25-39,Female,Bachelors,15,31-40,intermediate,intermediate,1
jtuzm7hd,3152,0.5,0,clustered_0_5,29950,60000,3,25-39,Male,Bachelors,19,31-40,high-intermediate,intermediate,1
jtuzm7hd,46711,1,1,clustered_0_5,yes,no,3,25-39,Male,Bachelors,19,31-40,high-intermediate,intermediate,1
jtuzm7hd,8896,1,2,clustered_0_5,27600,E,3,25-39,Male,Bachelors,19,31-40,high-intermediate,intermediate,1
jtuznx74,6608,0.49,0,clustered_0_5,30450,60000,3,25-39,Male,Bachelors,23 or larger,41-50,low-intermediate,novice,1
jtuznx74,4977,1,1,clustered_0_5,yes,no,3,25-39,Male,Bachelors,23 or larger,41-50,low-intermediate,novice,1
jtuznx74,4773,1,2,clustered_0_5,A,E,4,25-39,Male,Bachelors,23 or larger,41-50,low-intermediate,novice,1
jtuzqosl,13603,0.33,0,clustered_0_5,80000,60000,1,25-39,Female,Masters,11,43626,intermediate,intermediate,1
jtuzqosl,5010,1,1,clustered_0_5,Yes,no,3,25-39,Female,Masters,11,43626,intermediate,intermediate,1
jtuzqosl,12232,0,2,clustered_0_5,e,E,3,25-39,Female,Masters,11,43626,intermediate,intermediate,1
jtuzs43l,19630,0.33,0,clustered_0_5,40000,60000,3,40-49,Female,High School,17,gt60,novice,novice,1
jtuzs43l,16925,0,1,clustered_0_5,no,no,4,40-49,Female,High School,17,gt60,novice,novice,1
jtuzs43l,16956,0,2,clustered_0_5,e,E,4,40-49,Female,High School,17,gt60,novice,novice,1
jtv00ubi,22957,0.07,0,clustered_0_5,64500,60000,2,40-49,Female,Masters,13,51-60,intermediate,novice,1
jtv00ubi,13782,1,1,clustered_0_5,yes,no,4,40-49,Female,Masters,13,51-60,intermediate,novice,1
jtv00ubi,17461,0,2,clustered_0_5,E,E,4,40-49,Female,Masters,13,51-60,intermediate,novice,1
jtv18pr6,57161,0,0,clustered_0_5,60000,60000,2,50-59,Male,Bachelors,17,51-60,low-intermediate,novice,1
jtv18pr6,65338,0,1,clustered_0_5,no,no,3,50-59,Male,Bachelors,17,51-60,low-intermediate,novice,1
jtv18pr6,37104,0,2,clustered_0_5,e,E,3,50-59,Male,Bachelors,17,51-60,low-intermediate,novice,1
jtv1h0nb,1170,0.33,0,clustered_0_5,40000,60000,4,25-39,Male,High School,23 or larger,43789,novice,novice,1
jtv1h0nb,646,1,1,clustered_0_5,yes,no,2,25-39,Male,High School,23 or larger,43789,novice,novice,1
jtv1h0nb,679,0,2,clustered_0_5,e,E,2,25-39,Male,High School,23 or larger,43789,novice,novice,1
jtv1s0m3,3013,0.5,0,clustered_0_5,29950,60000,1,25-39,Female,High School,17,41-50,novice,novice,1
jtv1s0m3,6313,0,1,clustered_0_5,No,no,2,25-39,Female,High School,17,41-50,novice,novice,1
jtv1s0m3,3492,1,2,clustered_0_5,A,E,2,25-39,Female,High School,17,41-50,novice,novice,1
jtv1tnzh,6324,0.48,0,clustered_0_5,31000,60000,3,18-24,Female,Bachelors,15,51-60,low-intermediate,novice,1
jtv1tnzh,6264,1,1,clustered_0_5,yes,no,4,18-24,Female,Bachelors,15,51-60,low-intermediate,novice,1
jtv1tnzh,39047,0,2,clustered_0_5,E,E,2,18-24,Female,Bachelors,15,51-60,low-intermediate,novice,1
jtv1ud2v,30202,0.05,0,clustered_0_5,63000,60000,3,40-49,Female,Bachelors,17,gt60,low-intermediate,novice,1
jtv1ud2v,14418,0,1,clustered_0_5,no,no,4,40-49,Female,Bachelors,17,gt60,low-intermediate,novice,1
jtv1ud2v,19704,0,2,clustered_0_5,e,E,4,40-49,Female,Bachelors,17,gt60,low-intermediate,novice,1
jtv26bo9,23903,0.05,0,clustered_0_5,57000,60000,2,25-39,Male,High School,23 or larger,31-40,intermediate,low-intermediate,1
jtv26bo9,21039,0,1,clustered_0_5,NO,no,3,25-39,Male,High School,23 or larger,31-40,intermediate,low-intermediate,1
jtv26bo9,27429,0,2,clustered_0_5,E,E,3,25-39,Male,High School,23 or larger,31-40,intermediate,low-intermediate,1
jtv2dbf2,8942,0.33,0,clustered_0_5,40000,60000,2,40-49,Female,High School,15,31-40,novice,novice,1
jtv2dbf2,17845,0,1,clustered_0_5,no,no,4,40-49,Female,High School,15,31-40,novice,novice,1
jtv2dbf2,12810,0,2,clustered_0_5,E,E,4,40-49,Female,High School,15,31-40,novice,novice,1
jtv2in9o,26584,0,0,clustered_0_5,60000,60000,2,25-39,Male,High School,23 or larger,43789,novice,novice,1
jtv2in9o,21592,1,1,clustered_0_5,B,no,3,25-39,Male,High School,23 or larger,43789,novice,novice,1
jtv2in9o,15898,0,2,clustered_0_5,E,E,3,25-39,Male,High School,23 or larger,43789,novice,novice,1
jtv2w1qk,932,1,0,clustered_0_5,0,60000,3,18-24,Male,Masters,11,43626,intermediate,intermediate,1
jtv2w1qk,752,0,1,clustered_0_5,NO,no,3,18-24,Male,Masters,11,43626,intermediate,intermediate,1
jtv2w1qk,816,1,2,clustered_0_5,A,E,3,18-24,Male,Masters,11,43626,intermediate,intermediate,1
jtv2ybvr,27908,0.43,0,clustered_0_5,86000,60000,3,25-39,Female,High School,13,31-40,intermediate,novice,1
jtv2ybvr,25494,0,1,clustered_0_5,no,no,4,25-39,Female,High School,13,31-40,intermediate,novice,1
jtv2ybvr,20158,0,2,clustered_0_5,e,E,4,25-39,Female,High School,13,31-40,intermediate,novice,1
jtv30v5u,28526,0.07,0,clustered_0_5,64000,60000,2,50-59,Male,Bachelors,17,43626,low-intermediate,novice,1
jtv30v5u,18492,0,1,clustered_0_5,no,no,3,50-59,Male,Bachelors,17,43626,low-intermediate,novice,1
jtv30v5u,15235,0,2,clustered_0_5,e,E,4,50-59,Male,Bachelors,17,43626,low-intermediate,novice,1
jtv32x75,54117,0.07,0,clustered_0_5,64000,60000,2,25-39,Female,High School,11,21-30,low-intermediate,novice,1
jtv32x75,1036,1,1,clustered_0_5,YES,no,3,25-39,Female,High School,11,21-30,low-intermediate,novice,1
jtv32x75,16400,0,2,clustered_0_5,E,E,3,25-39,Female,High School,11,21-30,low-intermediate,novice,1
jtv3rndw,14121,0.17,0,clustered_0_5,70000,60000,3,25-39,Male,Bachelors,13,41-50,low-intermediate,novice,1
jtv3rndw,9556,0,1,clustered_0_5,No,no,4,25-39,Male,Bachelors,13,41-50,low-intermediate,novice,1
jtv3rndw,16639,0,2,clustered_0_5,E,E,4,25-39,Male,Bachelors,13,41-50,low-intermediate,novice,1
jtw94yxn,41050,0.02,0,clustered_5_10,61400,60000,3,50-59,Female,Other,19,21-30,low-intermediate,novice,2
jtw94yxn,32842,0,1,clustered_5_10,NO,no,4,50-59,Female,Other,19,21-30,low-intermediate,novice,2
jtw94yxn,28395,0,2,clustered_5_10,E,E,3,50-59,Female,Other,19,21-30,low-intermediate,novice,2
jtw956hb,14666,0,0,clustered_5_10,60000,60000,2,40-49,Male,Other,23 or larger,gt60,low-intermediate,low-intermediate,2
jtw956hb,5407,1,1,clustered_5_10,YES,no,3,40-49,Male,Other,23 or larger,gt60,low-intermediate,low-intermediate,2
jtw956hb,13699,0,2,clustered_5_10,E,E,1,40-49,Male,Other,23 or larger,gt60,low-intermediate,low-intermediate,2
jtw95cfy,16935,0.07,0,clustered_5_10,64000,60000,3,25-39,Male,Bachelors,23 or larger,41-50,intermediate,intermediate,2
jtw95cfy,19770,0,1,clustered_5_10,no,no,3,25-39,Male,Bachelors,23 or larger,41-50,intermediate,intermediate,2
jtw95cfy,21225,0,2,clustered_5_10,E,E,2,25-39,Male,Bachelors,23 or larger,41-50,intermediate,intermediate,2
jtw95gnk,6342,0.05,0,clustered_5_10,62900,60000,4,40-49,Female,Bachelors,15,41-50,low-intermediate,low-intermediate,2
jtw95gnk,7456,0,1,clustered_5_10,No,no,4,40-49,Female,Bachelors,15,41-50,low-intermediate,low-intermediate,2
jtw95gnk,20074,1,2,clustered_5_10,C,E,4,40-49,Female,Bachelors,15,41-50,low-intermediate,low-intermediate,2
jtw95hmz,15168,0,0,clustered_5_10,60000,60000,2,25-39,Male,High School,dontknow,43789,novice,novice,2
jtw95hmz,5042,0,1,clustered_5_10,no,no,2,25-39,Male,High School,dontknow,43789,novice,novice,2
jtw95hmz,21542,0,2,clustered_5_10,e,E,3,25-39,Male,High School,dontknow,43789,novice,novice,2
jtw95hu1,7192,0.33,0,clustered_5_10,80000,60000,4,40-49,Female,Masters,17,31-40,high-intermediate,high-intermediate,2
jtw95hu1,28436,0,1,clustered_5_10,No,no,4,40-49,Female,Masters,17,31-40,high-intermediate,high-intermediate,2
jtw95hu1,10620,1,2,clustered_5_10,A,E,4,40-49,Female,Masters,17,31-40,high-intermediate,high-intermediate,2
jtw95mu7,10200,0.33,0,clustered_5_10,80000,60000,3,50-59,Female,High School,23 or larger,51-60,high-intermediate,high-intermediate,2
jtw95mu7,8617,0,1,clustered_5_10,no,no,3,50-59,Female,High School,23 or larger,51-60,high-intermediate,high-intermediate,2
jtw95mu7,7425,0,2,clustered_5_10,e,E,3,50-59,Female,High School,23 or larger,51-60,high-intermediate,high-intermediate,2
jtw95p54,1207,0.05,0,clustered_5_10,62900,60000,4,40-49,Female,High School,21,43626,high-intermediate,high-intermediate,2
jtw95p54,5975,0,1,clustered_5_10,no,no,4,40-49,Female,High School,21,43626,high-intermediate,high-intermediate,2
jtw95p54,4377,0,2,clustered_5_10,e,E,4,40-49,Female,High School,21,43626,high-intermediate,high-intermediate,2
jtw95r21,14405,0.33,0,clustered_5_10,80000,60000,3,25-39,Female,Bachelors,15,41-50,novice,novice,2
jtw95r21,30062,0,1,clustered_5_10,no,no,2,25-39,Female,Bachelors,15,41-50,novice,novice,2
jtw95r21,12356,1,2,clustered_5_10,A,E,2,25-39,Female,Bachelors,15,41-50,novice,novice,2
jtw95tkh,4415,0.01,0,clustered_5_10,60800,60000,3,25-39,Male,Other,23 or larger,51-60,low-intermediate,low-intermediate,2
jtw95tkh,3773,0,1,clustered_5_10,No,no,4,25-39,Male,Other,23 or larger,51-60,low-intermediate,low-intermediate,2
jtw95tkh,2529,0,2,clustered_5_10,E,E,4,25-39,Male,Other,23 or larger,51-60,low-intermediate,low-intermediate,2
jtw95wm3,18706,0,0,clustered_5_10,60000,60000,2,40-49,Male,PhD,13,21-30,novice,novice,2
jtw95wm3,20844,0,1,clustered_5_10,no,no,3,40-49,Male,PhD,13,21-30,novice,novice,2
jtw95wm3,19804,0,2,clustered_5_10,e,E,3,40-49,Male,PhD,13,21-30,novice,novice,2
jtw95zkc,23262,0.03,0,clustered_5_10,62000,60000,3,18-24,Female,Bachelors,17,gt60,low-intermediate,low-intermediate,2
jtw95zkc,4608,0,1,clustered_5_10,No,no,4,18-24,Female,Bachelors,17,gt60,low-intermediate,low-intermediate,2
jtw95zkc,35305,0,2,clustered_5_10,E,E,3,18-24,Female,Bachelors,17,gt60,low-intermediate,low-intermediate,2
jtw9606g,28518,0.08,0,clustered_5_10,64600,60000,3,25-39,Male,Bachelors,15,31-40,low-intermediate,novice,2
jtw9606g,19676,0,1,clustered_5_10,no,no,1,25-39,Male,Bachelors,15,31-40,low-intermediate,novice,2
jtw9606g,18689,0,2,clustered_5_10,E,E,1,25-39,Male,Bachelors,15,31-40,low-intermediate,novice,2
jtw963x3,3382,0.33,0,clustered_5_10,80000,60000,4,18-24,Female,Bachelors,dontknow,43626,novice,novice,2
jtw963x3,4526,0,1,clustered_5_10,No,no,4,18-24,Female,Bachelors,dontknow,43626,novice,novice,2
jtw963x3,8451,1,2,clustered_5_10,A,E,3,18-24,Female,Bachelors,dontknow,43626,novice,novice,2
jtw964ro,1329,0.27,0,clustered_5_10,76000,60000,2,40-49,Female,Bachelors,13,21-30,low-intermediate,low-intermediate,2
jtw964ro,1234,1,1,clustered_5_10,yes,no,4,40-49,Female,Bachelors,13,21-30,low-intermediate,low-intermediate,2
jtw964ro,25692,1,2,clustered_5_10,D,E,2,40-49,Female,Bachelors,13,21-30,low-intermediate,low-intermediate,2
jtw966ni,60093,0,0,clustered_5_10,60000,60000,3,25-39,Female,Bachelors,13,43789,low-intermediate,low-intermediate,2
jtw966ni,20254,1,1,clustered_5_10,yes,no,4,25-39,Female,Bachelors,13,43789,low-intermediate,low-intermediate,2
jtw966ni,20113,0,2,clustered_5_10,e,E,3,25-39,Female,Bachelors,13,43789,low-intermediate,low-intermediate,2
jtw967ol,47941,0,0,clustered_5_10,60000,60000,3,40-49,Male,Bachelors,15,21-30,low-intermediate,novice,2
jtw967ol,45724,0,1,clustered_5_10,No,no,4,40-49,Male,Bachelors,15,21-30,low-intermediate,novice,2
jtw967ol,34623,0,2,clustered_5_10,e,E,4,40-49,Male,Bachelors,15,21-30,low-intermediate,novice,2
jtw9686r,88416,0.03,0,clustered_5_10,62000,60000,3,50-59,Female,Bachelors,21,21-30,high-intermediate,novice,2
jtw9686r,31125,0,1,clustered_5_10,no,no,4,50-59,Female,Bachelors,21,21-30,high-intermediate,novice,2
jtw9686r,26844,0,2,clustered_5_10,E,E,4,50-59,Female,Bachelors,21,21-30,high-intermediate,novice,2
jtw96csr,8904,0.5,0,clustered_5_10,30000,60000,2,25-39,Male,PhD,15,21-30,expert,intermediate,2
jtw96csr,7732,1,1,clustered_5_10,yes,no,3,25-39,Male,PhD,15,21-30,expert,intermediate,2
jtw96csr,5155,1,2,clustered_5_10,a,E,2,25-39,Male,PhD,15,21-30,expert,intermediate,2
jtw96dn2,38147,0,0,clustered_5_10,60000,60000,2,40-49,Male,Bachelors,13,31-40,intermediate,low-intermediate,2
jtw96dn2,27052,0,1,clustered_5_10,No,no,3,40-49,Male,Bachelors,13,31-40,intermediate,low-intermediate,2
jtw96dn2,26011,0,2,clustered_5_10,E,E,4,40-49,Male,Bachelors,13,31-40,intermediate,low-intermediate,2
jtw96j7p,16382,0.06,0,clustered_5_10,63700,60000,3,25-39,Male,Masters,11,21-30,novice,novice,2
jtw96j7p,26966,0,1,clustered_5_10,no,no,2,25-39,Male,Masters,11,21-30,novice,novice,2
jtw96j7p,8681,1,2,clustered_5_10,A,E,3,25-39,Male,Masters,11,21-30,novice,novice,2
jtw96q2v,37918,0,0,clustered_5_10,60000,60000,3,60,Female,High School,15,41-50,novice,novice,2
jtw96q2v,23932,0,1,clustered_5_10,No,no,3,60,Female,High School,15,41-50,novice,novice,2
jtw96q2v,32162,0,2,clustered_5_10,E,E,3,60,Female,High School,15,41-50,novice,novice,2
jtw96xqv,24402,0,0,clustered_5_10,60000,60000,2,50-59,Male,Bachelors,17,gt60,low-intermediate,novice,2
jtw96xqv,17828,1,1,clustered_5_10,yes,no,3,50-59,Male,Bachelors,17,gt60,low-intermediate,novice,2
jtw96xqv,19531,0,2,clustered_5_10,e,E,3,50-59,Male,Bachelors,17,gt60,low-intermediate,novice,2
jtw9930q,8622,0.01,0,clustered_5_10,60500,60000,4,25-39,Female,Masters,13,51-60,novice,novice,2
jtw9930q,31523,0,1,clustered_5_10,no,no,4,25-39,Female,Masters,13,51-60,novice,novice,2
jtw9930q,25835,0,2,clustered_5_10,e,E,2,25-39,Female,Masters,13,51-60,novice,novice,2
jtw997y2,6069,0.01,0,clustered_5_10,60800,60000,3,60,Female,Bachelors,15,41-50,novice,novice,2
jtw997y2,8528,0,1,clustered_5_10,no,no,4,60,Female,Bachelors,15,41-50,novice,novice,2
jtw997y2,19421,1,2,clustered_5_10,D,E,2,60,Female,Bachelors,15,41-50,novice,novice,2
jtw9a0z6,11236,0,0,clustered_5_10,60000,60000,2,25-39,Female,Masters,15,31-40,high-intermediate,low-intermediate,2
jtw9a0z6,3691,1,1,clustered_5_10,yes,no,2,25-39,Female,Masters,15,31-40,high-intermediate,low-intermediate,2
jtw9a0z6,1640,0,2,clustered_5_10,e,E,3,25-39,Female,Masters,15,31-40,high-intermediate,low-intermediate,2
jtw9aj4z,20864,0.07,0,clustered_5_10,64500,60000,3,18-24,Female,Bachelors,23 or larger,41-50,intermediate,novice,2
jtw9aj4z,3927,0,1,clustered_5_10,No,no,4,18-24,Female,Bachelors,23 or larger,41-50,intermediate,novice,2
jtw9aj4z,2704,0,2,clustered_5_10,E,E,4,18-24,Female,Bachelors,23 or larger,41-50,intermediate,novice,2
jtw9bi5q,15224,0.67,0,clustered_5_10,20000,60000,2,60,Male,High School,13,31-40,novice,novice,2
jtw9bi5q,7909,0,1,clustered_5_10,no,no,3,60,Male,High School,13,31-40,novice,novice,2
jtw9bi5q,6424,0,2,clustered_5_10,e,E,4,60,Male,High School,13,31-40,novice,novice,2
jtw9byk3,41498,0,0,clustered_5_10,60000,60000,3,60,Male,Bachelors,15,21-30,high-intermediate,intermediate,2
jtw9byk3,50406,0,1,clustered_5_10,NO,no,4,60,Male,Bachelors,15,21-30,high-intermediate,intermediate,2
jtw9byk3,4517,0,2,clustered_5_10,E,E,4,60,Male,Bachelors,15,21-30,high-intermediate,intermediate,2
jtw9d6x0,2209,0.02,0,clustered_5_10,59000,60000,4,40-49,Male,Bachelors,23 or larger,gt60,novice,novice,2
jtw9d6x0,4545,0,1,clustered_5_10,no,no,3,40-49,Male,Bachelors,23 or larger,gt60,novice,novice,2
jtw9d6x0,1601,0,2,clustered_5_10,E,E,3,40-49,Male,Bachelors,23 or larger,gt60,novice,novice,2
jtw9lww4,1313,0.05,0,clustered_5_10,62900,60000,3,25-39,Female,Bachelors,15,gt60,low-intermediate,low-intermediate,2
jtw9lww4,888,0,1,clustered_5_10,no,no,1,25-39,Female,Bachelors,15,gt60,low-intermediate,low-intermediate,2
jtw9lww4,10303,0,2,clustered_5_10,e,E,3,25-39,Female,Bachelors,15,gt60,low-intermediate,low-intermediate,2
jtw9myv0,1328,0.03,0,clustered_5_10,62000,60000,2,40-49,Female,Masters,15,31-40,intermediate,low-intermediate,2
jtw9myv0,5374,0,1,clustered_5_10,no,no,3,40-49,Female,Masters,15,31-40,intermediate,low-intermediate,2
jtw9myv0,18011,0,2,clustered_5_10,E,E,2,40-49,Female,Masters,15,31-40,intermediate,low-intermediate,2
jtw9u91b,26567,0,0,clustered_5_10,60000,60000,2,18-24,Other,High School,17,gt60,novice,novice,2
jtw9u91b,23015,0,1,clustered_5_10,no,no,3,18-24,Other,High School,17,gt60,novice,novice,2
jtw9u91b,36041,0,2,clustered_5_10,E,E,3,18-24,Other,High School,17,gt60,novice,novice,2
jtw9wkgv,22620,0.05,0,clustered_5_10,57000,60000,2,40-49,Female,Bachelors,15,51-60,low-intermediate,novice,2
jtw9wkgv,19674,0,1,clustered_5_10,no,no,3,40-49,Female,Bachelors,15,51-60,low-intermediate,novice,2
jtw9wkgv,4249,0,2,clustered_5_10,e,E,4,40-49,Female,Bachelors,15,51-60,low-intermediate,novice,2
jtwa19r7,4320,0,0,clustered_5_10,60000,60000,2,25-39,Male,High School,23 or larger,51-60,low-intermediate,novice,2
jtwa19r7,3558,0,1,clustered_5_10,No,no,3,25-39,Male,High School,23 or larger,51-60,low-intermediate,novice,2
jtwa19r7,17701,0,2,clustered_5_10,E,E,2,25-39,Male,High School,23 or larger,51-60,low-intermediate,novice,2
jtwael0o,41016,0.03,0,clustered_5_10,58000,60000,2,25-39,Male,High School,15,21-30,intermediate,low-intermediate,2
jtwael0o,25675,0,1,clustered_5_10,no,no,3,25-39,Male,High School,15,21-30,intermediate,low-intermediate,2
jtwael0o,20822,0,2,clustered_5_10,E,E,3,25-39,Male,High School,15,21-30,intermediate,low-intermediate,2
jtwaojp2,3782,0.33,0,clustered_5_10,80000,60000,2,25-39,Female,Bachelors,21,31-40,novice,novice,2
jtwaojp2,18320,0,1,clustered_5_10,no,no,1,25-39,Female,Bachelors,21,31-40,novice,novice,2
jtwaojp2,21442,0,2,clustered_5_10,e,E,1,25-39,Female,Bachelors,21,31-40,novice,novice,2
jtwaqxwn,97779,0.04,0,clustered_5_10,57500,60000,3,25-39,Female,High School,15,31-40,low-intermediate,low-intermediate,2
jtwaqxwn,8900,1,1,clustered_5_10,YES,no,2,25-39,Female,High School,15,31-40,low-intermediate,low-intermediate,2
jtwaqxwn,5040,1,2,clustered_5_10,A,E,1,25-39,Female,High School,15,31-40,low-intermediate,low-intermediate,2
jtwb4dmh,35217,0.01,0,clustered_5_10,60500,60000,2,40-49,Female,Other,15,31-40,novice,low-intermediate,2
jtwb4dmh,28834,0,1,clustered_5_10,no,no,2,40-49,Female,Other,15,31-40,novice,low-intermediate,2
jtwb4dmh,13875,0,2,clustered_5_10,e,E,2,40-49,Female,Other,15,31-40,novice,low-intermediate,2
jtwbmyjc,24756,0,0,clustered_5_10,60000,60000,3,25-39,Female,High School,13,43789,low-intermediate,low-intermediate,2
jtwbmyjc,27683,0,1,clustered_5_10,no,no,3,25-39,Female,High School,13,43789,low-intermediate,low-intermediate,2
jtwbmyjc,18732,0,2,clustered_5_10,e,E,3,25-39,Female,High School,13,43789,low-intermediate,low-intermediate,2
jtwbzd8o,942,1,0,clustered_5_10,0,60000,4,25-39,Female,Bachelors,19,gt60,high-intermediate,high-intermediate,2
jtwbzd8o,1360,1,1,clustered_5_10,yes,no,4,25-39,Female,Bachelors,19,gt60,high-intermediate,high-intermediate,2
jtwbzd8o,2039,0,2,clustered_5_10,e,E,4,25-39,Female,Bachelors,19,gt60,high-intermediate,high-intermediate,2
jtwcnbuo,37029,0.01,0,clustered_5_10,60900,60000,2,25-39,Female,High School,21,51-60,novice,novice,2
jtwcnbuo,21377,0,1,clustered_5_10,No,no,1,25-39,Female,High School,21,51-60,novice,novice,2
jtwcnbuo,12453,1,2,clustered_5_10,A,E,2,25-39,Female,High School,21,51-60,novice,novice,2
jtwct6fw,27323,0,0,clustered_5_10,60000,60000,3,25-39,Male,Bachelors,23 or larger,31-40,novice,novice,2
jtwct6fw,21856,0,1,clustered_5_10,No,no,3,25-39,Male,Bachelors,23 or larger,31-40,novice,novice,2
jtwct6fw,16708,0,2,clustered_5_10,E,E,2,25-39,Male,Bachelors,23 or larger,31-40,novice,novice,2
jtwczg42,23337,0.07,0,clustered_5_10,64500,60000,2,60,Male,High School,21,gt60,low-intermediate,novice,2
jtwczg42,17799,0,1,clustered_5_10,No,no,4,60,Male,High School,21,gt60,low-intermediate,novice,2
jtwczg42,18617,0,2,clustered_5_10,E,E,4,60,Male,High School,21,gt60,low-intermediate,novice,2
jtwe319m,2507,0.01,0,clustered_5_10,60700,60000,3,50-59,Female,Other,15,51-60,novice,novice,2
jtwe319m,10544,0,1,clustered_5_10,no,no,3,50-59,Female,Other,15,51-60,novice,novice,2
jtwe319m,12812,0,2,clustered_5_10,e,E,3,50-59,Female,Other,15,51-60,novice,novice,2
jtwf1c19,873,1,0,clustered_5_10,0,60000,2,40-49,Male,Bachelors,15,31-40,intermediate,high-intermediate,2
jtwf1c19,1424,0,1,clustered_5_10,No,no,3,40-49,Male,Bachelors,15,31-40,intermediate,high-intermediate,2
jtwf1c19,1240,0,2,clustered_5_10,E,E,3,40-49,Male,Bachelors,15,31-40,intermediate,high-intermediate,2
jtwi3ogk,31376,0.02,0,clustered_5_10,61000,60000,3,25-39,Male,High School,15,21-30,novice,novice,2
jtwi3ogk,34808,0,1,clustered_5_10,No,no,4,25-39,Male,High School,15,21-30,novice,novice,2
jtwi3ogk,26263,0,2,clustered_5_10,E,E,4,25-39,Male,High School,15,21-30,novice,novice,2
jtw8tw41,9240,0.03,0,clustered_10_15,62000,60000,3,25-39,Male,Bachelors,23 or larger,gt60,low-intermediate,novice,3
jtw8tw41,5816,0,1,clustered_10_15,No,no,4,25-39,Male,Bachelors,23 or larger,gt60,low-intermediate,novice,3
jtw8tw41,3960,0,2,clustered_10_15,E,E,4,25-39,Male,Bachelors,23 or larger,gt60,low-intermediate,novice,3
jtw8ty76,86837,0,0,clustered_10_15,60000,60000,3,25-39,Female,Bachelors,13,gt60,high-intermediate,novice,3
jtw8ty76,29895,0,1,clustered_10_15,No,no,3,25-39,Female,Bachelors,13,gt60,high-intermediate,novice,3
jtw8ty76,20198,0,2,clustered_10_15,E,E,3,25-39,Female,Bachelors,13,gt60,high-intermediate,novice,3
jtw8tz7o,31522,0.01,0,clustered_10_15,60500,60000,4,25-39,Male,Bachelors,21,gt60,novice,novice,3
jtw8tz7o,4407,0,1,clustered_10_15,no,no,4,25-39,Male,Bachelors,21,gt60,novice,novice,3
jtw8tz7o,3984,0,2,clustered_10_15,e,E,4,25-39,Male,Bachelors,21,gt60,novice,novice,3
jtw8u2y2,5688,0.42,0,clustered_10_15,85000,60000,3,18-24,Male,High School,23 or larger,31-40,low-intermediate,novice,3
jtw8u2y2,20388,0,1,clustered_10_15,no,no,3,18-24,Male,High School,23 or larger,31-40,low-intermediate,novice,3
jtw8u2y2,20908,1,2,clustered_10_15,A,E,2,18-24,Male,High School,23 or larger,31-40,low-intermediate,novice,3
jtw8u8hd,4815,0.03,0,clustered_10_15,62000,60000,3,40-49,Male,Bachelors,11,gt60,high-intermediate,high-intermediate,3
jtw8u8hd,17582,0,1,clustered_10_15,No,no,2,40-49,Male,Bachelors,11,gt60,high-intermediate,high-intermediate,3
jtw8u8hd,7387,0,2,clustered_10_15,E,E,4,40-49,Male,Bachelors,11,gt60,high-intermediate,high-intermediate,3
jtw8ub7g,34137,0.03,0,clustered_10_15,62000,60000,2,50-59,Male,Bachelors,23 or larger,31-40,intermediate,intermediate,3
jtw8ub7g,5583,0,1,clustered_10_15,no,no,4,50-59,Male,Bachelors,23 or larger,31-40,intermediate,intermediate,3
jtw8ub7g,6889,0,2,clustered_10_15,e,E,4,50-59,Male,Bachelors,23 or larger,31-40,intermediate,intermediate,3
jtw8udde,7957,0.02,0,clustered_10_15,61000,60000,3,18-24,Male,High School,23 or larger,gt60,intermediate,intermediate,3
jtw8udde,5013,0,1,clustered_10_15,No,no,4,18-24,Male,High School,23 or larger,gt60,intermediate,intermediate,3
jtw8udde,4584,0,2,clustered_10_15,E,E,4,18-24,Male,High School,23 or larger,gt60,intermediate,intermediate,3
jtw8udkl,5394,0.37,0,clustered_10_15,82000,60000,2,25-39,Female,Other,13,43789,low-intermediate,novice,3
jtw8udkl,2629,0,1,clustered_10_15,no,no,4,25-39,Female,Other,13,43789,low-intermediate,novice,3
jtw8udkl,2253,0,2,clustered_10_15,E,E,4,25-39,Female,Other,13,43789,low-intermediate,novice,3
jtw8uhjz,11119,0,0,clustered_10_15,60000,60000,2,50-59,Female,Masters,15,41-50,intermediate,low-intermediate,3
jtw8uhjz,5693,0,1,clustered_10_15,no,no,3,50-59,Female,Masters,15,41-50,intermediate,low-intermediate,3
jtw8uhjz,5708,0,2,clustered_10_15,e,E,3,50-59,Female,Masters,15,41-50,intermediate,low-intermediate,3
jtw8uoy4,12672,0,0,clustered_10_15,60000,60000,3,25-39,Female,Bachelors,15,43789,novice,novice,3
jtw8uoy4,8576,0,1,clustered_10_15,no,no,3,25-39,Female,Bachelors,15,43789,novice,novice,3
jtw8uoy4,6566,0,2,clustered_10_15,E,E,3,25-39,Female,Bachelors,15,43789,novice,novice,3
jtw8uz5x,7863,0,0,clustered_10_15,60000,60000,2,25-39,Male,High School,15,gt60,low-intermediate,novice,3
jtw8uz5x,4464,0,1,clustered_10_15,No,no,4,25-39,Male,High School,15,gt60,low-intermediate,novice,3
jtw8uz5x,4640,0,2,clustered_10_15,E,E,4,25-39,Male,High School,15,gt60,low-intermediate,novice,3
jtw8v0sn,7559,0.4,0,clustered_10_15,84000,60000,3,50-59,Female,Other,17,31-40,low-intermediate,novice,3
jtw8v0sn,4221,0,1,clustered_10_15,NO,no,4,50-59,Female,Other,17,31-40,low-intermediate,novice,3
jtw8v0sn,4862,0,2,clustered_10_15,E,E,4,50-59,Female,Other,17,31-40,low-intermediate,novice,3
jtw8v170,6361,0,0,clustered_10_15,60000,60000,3,25-39,Female,Bachelors,13,31-40,intermediate,intermediate,3
jtw8v170,9725,0,1,clustered_10_15,No,no,4,25-39,Female,Bachelors,13,31-40,intermediate,intermediate,3
jtw8v170,32561,0,2,clustered_10_15,E,E,4,25-39,Female,Bachelors,13,31-40,intermediate,intermediate,3
jtw8v67x,48637,0.05,0,clustered_10_15,57000,60000,1,18-24,Female,High School,dontknow,gt60,intermediate,low-intermediate,3
jtw8v67x,40029,0,1,clustered_10_15,no,no,3,18-24,Female,High School,dontknow,gt60,intermediate,low-intermediate,3
jtw8v67x,4764,0,2,clustered_10_15,E,E,4,18-24,Female,High School,dontknow,gt60,intermediate,low-intermediate,3
jtw8vbjt,8236,0.03,0,clustered_10_15,62000,60000,3,40-49,Female,Bachelors,15,21-30,intermediate,novice,3
jtw8vbjt,6348,0,1,clustered_10_15,no,no,4,40-49,Female,Bachelors,15,21-30,intermediate,novice,3
jtw8vbjt,5136,0,2,clustered_10_15,e,E,4,40-49,Female,Bachelors,15,21-30,intermediate,novice,3
jtw8vha5,27010,0.7,0,clustered_10_15,18000,60000,3,40-49,Male,Masters,17,41-50,high-intermediate,low-intermediate,3
jtw8vha5,7220,0,1,clustered_10_15,NO,no,4,40-49,Male,Masters,17,41-50,high-intermediate,low-intermediate,3
jtw8vha5,6030,0,2,clustered_10_15,E,E,4,40-49,Male,Masters,17,41-50,high-intermediate,low-intermediate,3
jtw8vqdi,20260,0.08,0,clustered_10_15,55000,60000,1,50-59,Male,Bachelors,17,31-40,low-intermediate,novice,3
jtw8vqdi,10033,0,1,clustered_10_15,No,no,4,50-59,Male,Bachelors,17,31-40,low-intermediate,novice,3
jtw8vqdi,10547,0,2,clustered_10_15,E,E,4,50-59,Male,Bachelors,17,31-40,low-intermediate,novice,3
jtw8vsf3,104633,0.03,0,clustered_10_15,58000,60000,3,18-24,Male,High School,21,41-50,intermediate,novice,3
jtw8vsf3,52262,0,1,clustered_10_15,No,no,3,18-24,Male,High School,21,41-50,intermediate,novice,3
jtw8vsf3,71579,0,2,clustered_10_15,E,E,3,18-24,Male,High School,21,41-50,intermediate,novice,3
jtw8wh29,141729,0.02,0,clustered_10_15,61100,60000,4,25-39,Female,Other,23 or larger,43789,low-intermediate,novice,3
jtw8wh29,27139,0,1,clustered_10_15,No,no,4,25-39,Female,Other,23 or larger,43789,low-intermediate,novice,3
jtw8wh29,19513,0,2,clustered_10_15,E,E,4,25-39,Female,Other,23 or larger,43789,low-intermediate,novice,3
jtw8ws6l,24822,0.08,0,clustered_10_15,65000,60000,2,25-39,Female,Other,13,31-40,low-intermediate,low-intermediate,3
jtw8ws6l,34486,0,1,clustered_10_15,No,no,1,25-39,Female,Other,13,31-40,low-intermediate,low-intermediate,3
jtw8ws6l,21152,1,2,clustered_10_15,C,E,2,25-39,Female,Other,13,31-40,low-intermediate,low-intermediate,3
jtw8x19q,80287,0.03,0,clustered_10_15,62000,60000,3,25-39,Male,High School,17,gt60,low-intermediate,novice,3
jtw8x19q,32330,0,1,clustered_10_15,no,no,4,25-39,Male,High School,17,gt60,low-intermediate,novice,3
jtw8x19q,43892,0,2,clustered_10_15,e,E,4,25-39,Male,High School,17,gt60,low-intermediate,novice,3
jtw8xeqo,4006,0.02,0,clustered_10_15,61000,60000,3,25-39,Male,High School,23 or larger,41-50,intermediate,low-intermediate,3
jtw8xeqo,1168,0,1,clustered_10_15,no,no,4,25-39,Male,High School,23 or larger,41-50,intermediate,low-intermediate,3
jtw8xeqo,5216,0,2,clustered_10_15,E,E,4,25-39,Male,High School,23 or larger,41-50,intermediate,low-intermediate,3
jtw8yikr,6852,0,0,clustered_10_15,60000,60000,3,25-39,Male,Bachelors,15,51-60,intermediate,intermediate,3
jtw8yikr,9450,0,1,clustered_10_15,No,no,4,25-39,Male,Bachelors,15,51-60,intermediate,intermediate,3
jtw8yikr,7134,0,2,clustered_10_15,E,E,4,25-39,Male,Bachelors,15,51-60,intermediate,intermediate,3
jtw8z0rt,14120,0.17,0,clustered_10_15,70000,60000,2,60,Male,Other,17,41-50,intermediate,low-intermediate,3
jtw8z0rt,9129,0,1,clustered_10_15,no,no,4,60,Male,Other,17,41-50,intermediate,low-intermediate,3
jtw8z0rt,4420,0,2,clustered_10_15,e,E,4,60,Male,Other,17,41-50,intermediate,low-intermediate,3
jtw90255,12064,0,0,clustered_10_15,60000,60000,3,25-39,Male,Bachelors,13,41-50,intermediate,intermediate,3
jtw90255,5439,0,1,clustered_10_15,No,no,4,25-39,Male,Bachelors,13,41-50,intermediate,intermediate,3
jtw90255,5545,0,2,clustered_10_15,E,E,4,25-39,Male,Bachelors,13,41-50,intermediate,intermediate,3
jtw92ckk,9846,0.32,0,clustered_10_15,79000,60000,3,60,Male,High School,17,43789,novice,novice,3
jtw92ckk,8396,0,1,clustered_10_15,No,no,4,60,Male,High School,17,43789,novice,novice,3
jtw92ckk,8114,0,2,clustered_10_15,E,E,4,60,Male,High School,17,43789,novice,novice,3
jtw9650v,6024,0,0,clustered_10_15,60000,60000,3,25-39,Male,Bachelors,dontknow,31-40,novice,novice,3
jtw9650v,4425,0,1,clustered_10_15,no,no,4,25-39,Male,Bachelors,dontknow,31-40,novice,novice,3
jtw9650v,3344,0,2,clustered_10_15,e,E,4,25-39,Male,Bachelors,dontknow,31-40,novice,novice,3
jtw9dej6,20418,0.08,0,clustered_10_15,55000,60000,3,25-39,Female,Other,21,21-30,novice,novice,3
jtw9dej6,58092,0,1,clustered_10_15,No,no,4,25-39,Female,Other,21,21-30,novice,novice,3
jtw9dej6,3090,0,2,clustered_10_15,E,E,4,25-39,Female,Other,21,21-30,novice,novice,3
jtw9drkf,26090,0,0,clustered_10_15,60000,60000,1,40-49,Female,High School,15,31-40,intermediate,low-intermediate,3
jtw9drkf,11034,0,1,clustered_10_15,no,no,4,40-49,Female,High School,15,31-40,intermediate,low-intermediate,3
jtw9drkf,5150,0,2,clustered_10_15,E,E,3,40-49,Female,High School,15,31-40,intermediate,low-intermediate,3
jtw9i95k,2280,0.05,0,clustered_10_15,63000,60000,3,25-39,Female,Masters,17,31-40,low-intermediate,novice,3
jtw9i95k,4256,0,1,clustered_10_15,no,no,3,25-39,Female,Masters,17,31-40,low-intermediate,novice,3
jtw9i95k,23889,0,2,clustered_10_15,E,E,4,25-39,Female,Masters,17,31-40,low-intermediate,novice,3
jtw9ugvi,24682,0,0,clustered_10_15,60000,60000,2,25-39,Male,High School,23 or larger,gt60,low-intermediate,novice,3
jtw9ugvi,9958,0,1,clustered_10_15,no,no,4,25-39,Male,High School,23 or larger,gt60,low-intermediate,novice,3
jtw9ugvi,23388,0,2,clustered_10_15,E,E,2,25-39,Male,High School,23 or larger,gt60,low-intermediate,novice,3
jtw9x3m3,1474,0.37,0,clustered_10_15,82000,60000,4,18-24,Male,High School,23 or larger,gt60,expert,high-intermediate,3
jtw9x3m3,804,1,1,clustered_10_15,yes,no,4,18-24,Male,High School,23 or larger,gt60,expert,high-intermediate,3
jtw9x3m3,2401,0,2,clustered_10_15,E,E,4,18-24,Male,High School,23 or larger,gt60,expert,high-intermediate,3
jtwanxtt,24264,0.07,0,clustered_10_15,64400,60000,2,40-49,Female,High School,23 or larger,41-50,novice,novice,3
jtwanxtt,9398,0,1,clustered_10_15,no,no,3,40-49,Female,High School,23 or larger,41-50,novice,novice,3
jtwanxtt,18710,0,2,clustered_10_15,E,E,3,40-49,Female,High School,23 or larger,41-50,novice,novice,3
jtwaumhf,26230,0.03,0,clustered_10_15,62000,60000,3,60,Female,High School,21,21-30,intermediate,intermediate,3
jtwaumhf,19862,0,1,clustered_10_15,no,no,3,60,Female,High School,21,21-30,intermediate,intermediate,3
jtwaumhf,17548,0,2,clustered_10_15,E,E,3,60,Female,High School,21,21-30,intermediate,intermediate,3
jtwb22rz,4022,0.08,0,clustered_10_15,55000,60000,1,25-39,Male,High School,21,41-50,intermediate,low-intermediate,3
jtwb22rz,3357,0,1,clustered_10_15,No,no,4,25-39,Male,High School,21,41-50,intermediate,low-intermediate,3
jtwb22rz,2341,0,2,clustered_10_15,E,E,4,25-39,Male,High School,21,41-50,intermediate,low-intermediate,3
jtwb3qcr,29194,0,0,clustered_10_15,60000,60000,3,40-49,Male,Bachelors,13,21-30,intermediate,intermediate,3
jtwb3qcr,5231,0,1,clustered_10_15,no,no,4,40-49,Male,Bachelors,13,21-30,intermediate,intermediate,3
jtwb3qcr,3960,0,2,clustered_10_15,e,E,4,40-49,Male,Bachelors,13,21-30,intermediate,intermediate,3
jtwb75uy,2611,0.01,0,clustered_10_15,60700,60000,4,40-49,Female,Bachelors,21,31-40,low-intermediate,low-intermediate,3
jtwb75uy,5504,0,1,clustered_10_15,No,no,4,40-49,Female,Bachelors,21,31-40,low-intermediate,low-intermediate,3
jtwb75uy,2582,0,2,clustered_10_15,E,E,4,40-49,Female,Bachelors,21,31-40,low-intermediate,low-intermediate,3
jtwbl51q,20479,0,0,clustered_10_15,60000,60000,4,25-39,Male,High School,23 or larger,21-30,novice,novice,3
jtwbl51q,17822,0,1,clustered_10_15,no,no,4,25-39,Male,High School,23 or larger,21-30,novice,novice,3
jtwbl51q,19294,0,2,clustered_10_15,E,E,4,25-39,Male,High School,23 or larger,21-30,novice,novice,3
jtwchkj6,57599,0,0,clustered_10_15,60000,60000,3,40-49,Male,Other,17,gt60,low-intermediate,novice,3
jtwchkj6,34487,0,1,clustered_10_15,no,no,4,40-49,Male,Other,17,gt60,low-intermediate,novice,3
jtwchkj6,58680,0,2,clustered_10_15,e,E,4,40-49,Male,Other,17,gt60,low-intermediate,novice,3
jtwcifgt,8439,0.33,0,clustered_10_15,80000,60000,4,25-39,Male,Bachelors,23 or larger,41-50,novice,novice,3
jtwcifgt,5705,0,1,clustered_10_15,No,no,4,25-39,Male,Bachelors,23 or larger,41-50,novice,novice,3
jtwcifgt,4709,0,2,clustered_10_15,E,E,4,25-39,Male,Bachelors,23 or larger,41-50,novice,novice,3
jtwd9aq2,40554,0.08,0,clustered_10_15,55000,60000,3,18-24,Female,Bachelors,17,21-30,novice,novice,3
jtwd9aq2,33469,0,1,clustered_10_15,No,no,3,18-24,Female,Bachelors,17,21-30,novice,novice,3
jtwd9aq2,37886,0,2,clustered_10_15,E,E,4,18-24,Female,Bachelors,17,21-30,novice,novice,3
jtwdbqto,7013,0.33,0,clustered_10_15,80000,60000,2,25-39,Female,High School,19,31-40,novice,novice,3
jtwdbqto,21821,0,1,clustered_10_15,no,no,3,25-39,Female,High School,19,31-40,novice,novice,3
jtwdbqto,9469,0,2,clustered_10_15,E,E,3,25-39,Female,High School,19,31-40,novice,novice,3
jtwir95i,877,0.5,0,clustered_10_15,30000,60000,3,18-24,Male,Masters,15,31-40,intermediate,high-intermediate,3
jtwir95i,8499,0,1,clustered_10_15,no,no,2,18-24,Male,Masters,15,31-40,intermediate,high-intermediate,3
jtwir95i,2794,0,2,clustered_10_15,E,E,2,18-24,Male,Masters,15,31-40,intermediate,high-intermediate,3
jtwiss78,32968,0.3,0,clustered_10_15,78000,60000,2,40-49,Male,Bachelors,17,31-40,intermediate,low-intermediate,3
jtwiss78,39832,1,1,clustered_10_15,Yes,no,3,40-49,Male,Bachelors,17,31-40,intermediate,low-intermediate,3
jtwiss78,51760,0,2,clustered_10_15,E,E,4,40-49,Male,Bachelors,17,31-40,intermediate,low-intermediate,3
jtw8u5xm,8417,0.03,0,clustered_15_20,58000,60000,2,25-39,Male,Masters,15,31-40,intermediate,low-intermediate,4
jtw8u5xm,8210,0,1,clustered_15_20,no,no,3,25-39,Male,Masters,15,31-40,intermediate,low-intermediate,4
jtw8u5xm,4650,0,2,clustered_15_20,E,E,3,25-39,Male,Masters,15,31-40,intermediate,low-intermediate,4
jtw8ubbe,8415,0.02,0,clustered_15_20,61000,60000,3,25-39,Male,Masters,15,gt60,intermediate,intermediate,4
jtw8ubbe,4362,0,1,clustered_15_20,No,no,4,25-39,Male,Masters,15,gt60,intermediate,intermediate,4
jtw8ubbe,9056,0,2,clustered_15_20,E,E,2,25-39,Male,Masters,15,gt60,intermediate,intermediate,4
jtw8ui7o,14988,0.03,0,clustered_15_20,62000,60000,3,25-39,Male,High School,15,41-50,low-intermediate,intermediate,4
jtw8ui7o,7545,0,1,clustered_15_20,No,no,4,25-39,Male,High School,15,41-50,low-intermediate,intermediate,4
jtw8ui7o,6722,0,2,clustered_15_20,E,E,4,25-39,Male,High School,15,41-50,low-intermediate,intermediate,4
jtw8ukng,14812,0.07,0,clustered_15_20,64000,60000,3,50-59,Male,High School,21,41-50,intermediate,low-intermediate,4
jtw8ukng,5666,0,1,clustered_15_20,No,no,3,50-59,Male,High School,21,41-50,intermediate,low-intermediate,4
jtw8ukng,9561,0,2,clustered_15_20,E,E,4,50-59,Male,High School,21,41-50,intermediate,low-intermediate,4
jtw8uq5s,15664,0.33,0,clustered_15_20,40000,60000,2,18-24,Male,Bachelors,13,gt60,intermediate,novice,4
jtw8uq5s,8240,0,1,clustered_15_20,no,no,3,18-24,Male,Bachelors,13,gt60,intermediate,novice,4
jtw8uq5s,3184,0,2,clustered_15_20,E,E,3,18-24,Male,Bachelors,13,gt60,intermediate,novice,4
jtw8us4x,10947,0.33,0,clustered_15_20,80000,60000,4,60,Female,High School,15,41-50,low-intermediate,novice,4
jtw8us4x,26763,1,1,clustered_15_20,82,no,2,60,Female,High School,15,41-50,low-intermediate,novice,4
jtw8us4x,8435,0,2,clustered_15_20,e,E,4,60,Female,High School,15,41-50,low-intermediate,novice,4
jtw8uur3,39987,0.03,0,clustered_15_20,62000,60000,3,50-59,Male,Bachelors,15,31-40,intermediate,high-intermediate,4
jtw8uur3,8632,1,1,clustered_15_20,yes,no,3,50-59,Male,Bachelors,15,31-40,intermediate,high-intermediate,4
jtw8uur3,6120,0,2,clustered_15_20,e,E,3,50-59,Male,Bachelors,15,31-40,intermediate,high-intermediate,4
jtw8uwnb,4023,0,0,clustered_15_20,60000,60000,3,25-39,Male,High School,23 or larger,21-30,low-intermediate,intermediate,4
jtw8uwnb,4844,0,1,clustered_15_20,No,no,4,25-39,Male,High School,23 or larger,21-30,low-intermediate,intermediate,4
jtw8uwnb,2057,0,2,clustered_15_20,E,E,4,25-39,Male,High School,23 or larger,21-30,low-intermediate,intermediate,4
jtw8veu1,8374,0.02,0,clustered_15_20,61000,60000,3,18-24,Female,Bachelors,17,51-60,novice,novice,4
jtw8veu1,6020,0,1,clustered_15_20,no,no,4,18-24,Female,Bachelors,17,51-60,novice,novice,4
jtw8veu1,5572,0,2,clustered_15_20,e,E,4,18-24,Female,Bachelors,17,51-60,novice,novice,4
jtw8vi9q,1702,0,0,clustered_15_20,60000,60000,4,18-24,Male,Bachelors,11,51-60,intermediate,intermediate,4
jtw8vi9q,1228,0,1,clustered_15_20,No,no,4,18-24,Male,Bachelors,11,51-60,intermediate,intermediate,4
jtw8vi9q,1566,0,2,clustered_15_20,E,E,4,18-24,Male,Bachelors,11,51-60,intermediate,intermediate,4
jtw8vkiu,19981,0.07,0,clustered_15_20,64000,60000,1,60,Female,Masters,15,43626,novice,novice,4
jtw8vkiu,34939,0,1,clustered_15_20,no,no,2,60,Female,Masters,15,43626,novice,novice,4
jtw8vkiu,25767,0,2,clustered_15_20,E,E,2,60,Female,Masters,15,43626,novice,novice,4
jtw8vkkd,11233,0.38,0,clustered_15_20,83000,60000,3,18-24,Female,Bachelors,13,31-40,high-intermediate,novice,4
jtw8vkkd,7197,0,1,clustered_15_20,no,no,4,18-24,Female,Bachelors,13,31-40,high-intermediate,novice,4
jtw8vkkd,5288,0,2,clustered_15_20,e,E,4,18-24,Female,Bachelors,13,31-40,high-intermediate,novice,4
jtw8vnl6,26718,0.4,0,clustered_15_20,84000,60000,2,25-39,Female,Bachelors,15,43789,low-intermediate,low-intermediate,4
jtw8vnl6,10048,0,1,clustered_15_20,no,no,2,25-39,Female,Bachelors,15,43789,low-intermediate,low-intermediate,4
jtw8vnl6,8918,0,2,clustered_15_20,e,E,2,25-39,Female,Bachelors,15,43789,low-intermediate,low-intermediate,4
jtw8vqvq,2344,0.01,0,clustered_15_20,60700,60000,4,25-39,Male,Masters,17,41-50,high-intermediate,intermediate,4
jtw8vqvq,3384,0,1,clustered_15_20,No,no,4,25-39,Male,Masters,17,41-50,high-intermediate,intermediate,4
jtw8vqvq,3317,0,2,clustered_15_20,E,E,4,25-39,Male,Masters,17,41-50,high-intermediate,intermediate,4
jtw8vxux,8977,0,0,clustered_15_20,60000,60000,3,50-59,Female,High School,15,21-30,novice,novice,4
jtw8vxux,7102,0,1,clustered_15_20,no,no,4,50-59,Female,High School,15,21-30,novice,novice,4
jtw8vxux,5123,0,2,clustered_15_20,E,E,4,50-59,Female,High School,15,21-30,novice,novice,4
jtw8vzgo,3998,0.05,0,clustered_15_20,62900,60000,2,18-24,Male,Bachelors,21,21-30,high-intermediate,low-intermediate,4
jtw8vzgo,3609,0,1,clustered_15_20,no,no,4,18-24,Male,Bachelors,21,21-30,high-intermediate,low-intermediate,4
jtw8vzgo,4135,0,2,clustered_15_20,E,E,4,18-24,Male,Bachelors,21,21-30,high-intermediate,low-intermediate,4
jtw8w1e2,71765,0.03,0,clustered_15_20,61500,60000,2,25-39,Male,PhD,23 or larger,31-40,intermediate,low-intermediate,4
jtw8w1e2,33041,0,1,clustered_15_20,no,no,2,25-39,Male,PhD,23 or larger,31-40,intermediate,low-intermediate,4
jtw8w1e2,25652,0,2,clustered_15_20,E,E,2,25-39,Male,PhD,23 or larger,31-40,intermediate,low-intermediate,4
jtw8w44g,25611,0.02,0,clustered_15_20,61000,60000,2,25-39,Female,Masters,9 or smaller,gt60,low-intermediate,novice,4
jtw8w44g,6400,0,1,clustered_15_20,No,no,4,25-39,Female,Masters,9 or smaller,gt60,low-intermediate,novice,4
jtw8w44g,6170,0,2,clustered_15_20,E,E,4,25-39,Female,Masters,9 or smaller,gt60,low-intermediate,novice,4
jtw8wd5d,2509,0.01,0,clustered_15_20,60700,60000,4,18-24,Male,Bachelors,13,31-40,intermediate,intermediate,4
jtw8wd5d,9835,0,1,clustered_15_20,No,no,4,18-24,Male,Bachelors,13,31-40,intermediate,intermediate,4
jtw8wd5d,2635,0,2,clustered_15_20,E,E,4,18-24,Male,Bachelors,13,31-40,intermediate,intermediate,4
jtw8wfhn,9592,0.03,0,clustered_15_20,62000,60000,3,18-24,Male,Other,23 or larger,31-40,high-intermediate,low-intermediate,4
jtw8wfhn,10504,0,1,clustered_15_20,No,no,4,18-24,Male,Other,23 or larger,31-40,high-intermediate,low-intermediate,4
jtw8wfhn,8551,0,2,clustered_15_20,E,E,4,18-24,Male,Other,23 or larger,31-40,high-intermediate,low-intermediate,4
jtw8wjnl,6221,0,0,clustered_15_20,60000,60000,3,18-24,Male,High School,13,31-40,intermediate,intermediate,4
jtw8wjnl,10696,0,1,clustered_15_20,No,no,3,18-24,Male,High School,13,31-40,intermediate,intermediate,4
jtw8wjnl,1424,0,2,clustered_15_20,E,E,3,18-24,Male,High School,13,31-40,intermediate,intermediate,4
jtw8wmzr,25840,0,0,clustered_15_20,60000,60000,1,Unspecified,Unspecified,Unspecified,Unspecified,Unspecified,Unspecified,Unspecified,4
jtw8wmzr,8385,0,1,clustered_15_20,No,no,4,Unspecified,Unspecified,Unspecified,Unspecified,Unspecified,Unspecified,Unspecified,4
jtw8wmzr,7505,0,2,clustered_15_20,E,E,4,Unspecified,Unspecified,Unspecified,Unspecified,Unspecified,Unspecified,Unspecified,4
jtw8wnlm,7885,0.33,0,clustered_15_20,40000,60000,2,25-39,Female,Bachelors,21,43789,intermediate,low-intermediate,4
jtw8wnlm,3831,0,1,clustered_15_20,no,no,4,25-39,Female,Bachelors,21,43789,intermediate,low-intermediate,4
jtw8wnlm,5536,0,2,clustered_15_20,e,E,4,25-39,Female,Bachelors,21,43789,intermediate,low-intermediate,4
jtw8wnpi,11545,0.07,0,clustered_15_20,64000,60000,3,18-24,Female,Bachelors,13,43626,high-intermediate,high-intermediate,4
jtw8wnpi,7051,0,1,clustered_15_20,no,no,3,18-24,Female,Bachelors,13,43626,high-intermediate,high-intermediate,4
jtw8wnpi,6249,0,2,clustered_15_20,e,E,3,18-24,Female,Bachelors,13,43626,high-intermediate,high-intermediate,4
jtw8wqlz,89724,0.04,0,clustered_15_20,57500,60000,3,50-59,Female,Masters,21,21-30,low-intermediate,novice,4
jtw8wqlz,48166,0,1,clustered_15_20,No,no,3,50-59,Female,Masters,21,21-30,low-intermediate,novice,4
jtw8wqlz,40328,0,2,clustered_15_20,E,E,4,50-59,Female,Masters,21,21-30,low-intermediate,novice,4
jtw8xa62,79224,0,0,clustered_15_20,60000,60000,2,60,Female,Bachelors,17,21-30,novice,novice,4
jtw8xa62,83300,0,1,clustered_15_20,no,no,3,60,Female,Bachelors,17,21-30,novice,novice,4
jtw8xa62,48803,0,2,clustered_15_20,E,E,3,60,Female,Bachelors,17,21-30,novice,novice,4
jtw8xwa7,10065,0,0,clustered_15_20,60000,60000,2,25-39,Female,Bachelors,13,43626,novice,novice,4
jtw8xwa7,9492,0,1,clustered_15_20,No,no,3,25-39,Female,Bachelors,13,43626,novice,novice,4
jtw8xwa7,9013,0,2,clustered_15_20,E,E,2,25-39,Female,Bachelors,13,43626,novice,novice,4
jtw8xyhs,1678,0.05,0,clustered_15_20,62900,60000,4,25-39,Male,Bachelors,17,gt60,intermediate,intermediate,4
jtw8xyhs,6209,0,1,clustered_15_20,No,no,4,25-39,Male,Bachelors,17,gt60,intermediate,intermediate,4
jtw8xyhs,4058,0,2,clustered_15_20,E,E,4,25-39,Male,Bachelors,17,gt60,intermediate,intermediate,4
jtw8xyro,68244,0.03,0,clustered_15_20,62000,60000,3,25-39,Male,Unspecified,15,41-50,novice,novice,4
jtw8xyro,6012,0,1,clustered_15_20,no,no,4,25-39,Male,Unspecified,15,41-50,novice,novice,4
jtw8xyro,5751,0,2,clustered_15_20,e,E,4,25-39,Male,Unspecified,15,41-50,novice,novice,4
jtw8y0p8,26115,0.42,0,clustered_15_20,35000,60000,2,25-39,Male,Other,21,gt60,low-intermediate,low-intermediate,4
jtw8y0p8,46090,1,1,clustered_15_20,Yes,no,3,25-39,Male,Other,21,gt60,low-intermediate,low-intermediate,4
jtw8y0p8,23301,0,2,clustered_15_20,E,E,3,25-39,Male,Other,21,gt60,low-intermediate,low-intermediate,4
jtw8y3ih,61112,0.05,0,clustered_15_20,57000,60000,2,25-39,Male,High School,21,gt60,intermediate,novice,4
jtw8y3ih,57904,0,1,clustered_15_20,no,no,2,25-39,Male,High School,21,gt60,intermediate,novice,4
jtw8y3ih,41608,0,2,clustered_15_20,E,E,3,25-39,Male,High School,21,gt60,intermediate,novice,4
jtw8yt18,1061,0.42,0,clustered_15_20,85000,60000,3,18-24,Male,Bachelors,13,21-30,intermediate,low-intermediate,4
jtw8yt18,6796,0,1,clustered_15_20,no,no,4,18-24,Male,Bachelors,13,21-30,intermediate,low-intermediate,4
jtw8yt18,1108,0,2,clustered_15_20,e,E,3,18-24,Male,Bachelors,13,21-30,intermediate,low-intermediate,4
jtw8zi95,57816,0,0,clustered_15_20,60000,60000,3,40-49,Male,Bachelors,23 or larger,gt60,novice,novice,4
jtw8zi95,15656,1,1,clustered_15_20,Yes,no,2,40-49,Male,Bachelors,23 or larger,gt60,novice,novice,4
jtw8zi95,42793,0,2,clustered_15_20,E,E,3,40-49,Male,Bachelors,23 or larger,gt60,novice,novice,4
jtw911pz,8808,0.02,0,clustered_15_20,61000,60000,3,25-39,Male,High School,13,41-50,high-intermediate,low-intermediate,4
jtw911pz,3070,0,1,clustered_15_20,no,no,4,25-39,Male,High School,13,41-50,high-intermediate,low-intermediate,4
jtw911pz,2822,0,2,clustered_15_20,e,E,4,25-39,Male,High School,13,41-50,high-intermediate,low-intermediate,4
jtw94txx,62785,0.07,0,clustered_15_20,56000,60000,3,50-59,Female,Masters,23 or larger,51-60,novice,novice,4
jtw94txx,4663,0,1,clustered_15_20,no,no,3,50-59,Female,Masters,23 or larger,51-60,novice,novice,4
jtw94txx,2885,0,2,clustered_15_20,E,E,3,50-59,Female,Masters,23 or larger,51-60,novice,novice,4
jtw978c7,7821,0,0,clustered_15_20,60000,60000,2,40-49,Male,Bachelors,15,41-50,intermediate,low-intermediate,4
jtw978c7,8410,0,1,clustered_15_20,No,no,4,40-49,Male,Bachelors,15,41-50,intermediate,low-intermediate,4
jtw978c7,5896,0,2,clustered_15_20,E,E,4,40-49,Male,Bachelors,15,41-50,intermediate,low-intermediate,4
jtw9yda9,86557,0.08,0,clustered_15_20,65000,60000,3,25-39,Male,High School,17,41-50,low-intermediate,low-intermediate,4
jtw9yda9,9150,0,1,clustered_15_20,no,no,3,25-39,Male,High School,17,41-50,low-intermediate,low-intermediate,4
jtw9yda9,26775,0,2,clustered_15_20,E,E,4,25-39,Male,High School,17,41-50,low-intermediate,low-intermediate,4
jtwacu0d,2687,0,0,clustered_15_20,60000,60000,3,40-49,Male,Bachelors,23 or larger,41-50,intermediate,low-intermediate,4
jtwacu0d,2458,0,1,clustered_15_20,no,no,3,40-49,Male,Bachelors,23 or larger,41-50,intermediate,low-intermediate,4
jtwacu0d,1668,0,2,clustered_15_20,e,E,3,40-49,Male,Bachelors,23 or larger,41-50,intermediate,low-intermediate,4
jtwaf88i,10343,0,0,clustered_15_20,60000,60000,3,40-49,Male,Bachelors,11,gt60,intermediate,novice,4
jtwaf88i,6837,0,1,clustered_15_20,No.,no,4,40-49,Male,Bachelors,11,gt60,intermediate,novice,4
jtwaf88i,4099,0,2,clustered_15_20,E,E,4,40-49,Male,Bachelors,11,gt60,intermediate,novice,4
jtwbngbu,38713,0,0,clustered_15_20,60000,60000,1,50-59,Male,Masters,23 or larger,gt60,intermediate,novice,4
jtwbngbu,13360,0,1,clustered_15_20,no,no,4,50-59,Male,Masters,23 or larger,gt60,intermediate,novice,4
jtwbngbu,13105,0,2,clustered_15_20,E,E,4,50-59,Male,Masters,23 or larger,gt60,intermediate,novice,4
jtwcmrf9,4603,0,0,clustered_15_20,60000,60000,4,25-39,Female,Bachelors,13,41-50,high-intermediate,intermediate,4
jtwcmrf9,4670,0,1,clustered_15_20,no,no,4,25-39,Female,Bachelors,13,41-50,high-intermediate,intermediate,4
jtwcmrf9,2784,0,2,clustered_15_20,e,E,4,25-39,Female,Bachelors,13,41-50,high-intermediate,intermediate,4
jtwd8wr6,6995,0,0,clustered_15_20,60000,60000,3,25-39,Male,High School,23 or larger,41-50,low-intermediate,low-intermediate,4
jtwd8wr6,5824,0,1,clustered_15_20,No,no,4,25-39,Male,High School,23 or larger,41-50,low-intermediate,low-intermediate,4
jtwd8wr6,10272,0,2,clustered_15_20,E,E,3,25-39,Male,High School,23 or larger,41-50,low-intermediate,low-intermediate,4
jtwd9wr6,77830,0.02,0,clustered_15_20,59000,60000,2,40-49,Male,High School,15,43626,low-intermediate,intermediate,4
jtwd9wr6,67882,0,1,clustered_15_20,NO,no,3,40-49,Male,High School,15,43626,low-intermediate,intermediate,4
jtwd9wr6,66864,0,2,clustered_15_20,E,E,4,40-49,Male,High School,15,43626,low-intermediate,intermediate,4
jtwer3ga,1384,0.5,0,clustered_15_20,90000,60000,2,40-49,Male,Bachelors,15,31-40,intermediate,high-intermediate,4
jtwer3ga,5447,0,1,clustered_15_20,No,no,2,40-49,Male,Bachelors,15,31-40,intermediate,high-intermediate,4
jtwer3ga,816,1,2,clustered_15_20,A,E,3,40-49,Male,Bachelors,15,31-40,intermediate,high-intermediate,4
jtwf0aqi,25312,0.25,0,clustered_15_20,45000,60000,3,18-24,Male,High School,23 or larger,41-50,low-intermediate,novice,4
jtwf0aqi,28079,0,1,clustered_15_20,no,no,4,18-24,Male,High School,23 or larger,41-50,low-intermediate,novice,4
jtwf0aqi,14192,0,2,clustered_15_20,e,E,4,18-24,Male,High School,23 or larger,41-50,low-intermediate,novice,4
jtwhk5ds,6433,0.5,0,clustered_15_20,30000,60000,3,18-24,Male,Masters,19,gt60,high-intermediate,high-intermediate,4
jtwhk5ds,1073,1,1,clustered_15_20,YES,no,2,18-24,Male,Masters,19,gt60,high-intermediate,high-intermediate,4
jtwhk5ds,2528,0,2,clustered_15_20,E,E,2,18-24,Male,Masters,19,gt60,high-intermediate,high-intermediate,4
jtwk7qmh,8215,0,0,clustered_15_20,60000,60000,3,25-39,Male,Bachelors,13,41-50,high-intermediate,intermediate,4
jtwk7qmh,6874,0,1,clustered_15_20,no,no,3,25-39,Male,Bachelors,13,41-50,high-intermediate,intermediate,4
jtwk7qmh,8509,0,2,clustered_15_20,e,E,4,25-39,Male,Bachelors,13,41-50,high-intermediate,intermediate,4
